FoodName;AmountGram;Calories;Protein;Carbs;Fat
Weizenbier kristallklar;100;496;0;2433;0
Hafer ganzes Korn, roh;17;1933.7500000000002;120.53000000000002;91.29;15.81
Hefeweizen/Weizenbier, naturtrüb;1000;6140;0;24520;0
Schwarzbier;100000;502000;0;2284000;0
Pilsner Bier;1000;4220;0;22180;0
Schwarzbier;1000;5020;0;22840;0
Reis parboiled, poliert, roh;10000;812500;10300;72100;1400
