FoodName;AmountGram;Calories;Protein;Carbs;Fat
Hefeweizen/Weizenbier, naturtrüb;100;614;0;2452;0
Erdbeere roh;100;82;4;5917;2
Erdbeere roh;1111;911.02;44.44;65737.87;22.22
Pilsner Bier;1888;7967.36;0;41875.84;0
Sauerkirsche gezuckert, Konserve, abgetropft;100;84;21;1106;108
Rum 37,5/40 % vol;1999;0;0;0;0
Schwein Hirn, roh;1119999999999920;1187199999999915;100799999999992.8;0;0
Seidentofu;222;1014.5400000000001;64.38000000000001;0;13.32
